Start_time, End_time
1679937296.2817981, 1679938468.3444908
